"REF_DATE","GEO","DGUID","Age at time of death","Sex","UOM","UOM_ID","SCALAR_FACTOR","SCALAR_ID","VECTOR","COORDINATE","VALUE","STATUS","SYMBOL","TERMINATED","DECIMALS"
"2000","Canada, place of residence","2021A000011124","Age at time of death, all ages","Both sexes","Number","223","units","0","v21216746","1.1.1","218062","","","","0"
"2001","Canada, place of residence","2021A000011124","Age at time of death, all ages","Both sexes","Number","223","units","0","v21216746","1.1.1","219538","","","","0"
"2002","Canada, place of residence","2021A000011124","Age at time of death, all ages","Both sexes","Number","223","units","0","v21216746","1.1.1","223603","","","","0"
"2003","Canada, place of residence","2021A000011124","Age at time of death, all ages","Both sexes","Number","223","units","0","v21216746","1.1.1","226169","","","","0"
"2004","Canada, place of residence","2021A000011124","Age at time of death, all ages","Both sexes","Number","223","units","0","v21216746","1.1.1","226584","","","","0"
"2005","Canada, place of residence","2021A000011124","Age at time of death, all ages","Both sexes","Number","223","units","0","v21216746","1.1.1","230132","","","","0"
"2006","Canada, place of residence","2021A000011124","Age at time of death, all ages","Both sexes","Number","223","units","0","v21216746","1.1.1","228079","","","","0"
"2007","Canada, place of residence","2021A000011124","Age at time of death, all ages","Both sexes","Number","223","units","0","v21216746","1.1.1","235217","","","","0"
"2008","Canada, place of residence","2021A000011124","Age at time of death, all ages","Both sexes","Number","223","units","0","v21216746","1.1.1","238617","","","","0"
"2009","Canada, place of residence","2021A000011124","Age at time of death, all ages","Both sexes","Number","223","units","0","v21216746","1.1.1","238418","","","","0"
"2010","Canada, place of residence","2021A000011124","Age at time of death, all ages","Both sexes","Number","223","units","0","v21216746","1.1.1","240075","","","","0"
"2011","Canada, place of residence","2021A000011124","Age at time of death, all ages","Both sexes","Number","223","units","0","v21216746","1.1.1","243511","","","","0"
"2012","Canada, place of residence","2021A000011124","Age at time of death, all ages","Both sexes","Number","223","units","0","v21216746","1.1.1","246596","","","","0"
"2013","Canada, place of residence","2021A000011124","Age at time of death, all ages","Both sexes","Number","223","units","0","v21216746","1.1.1","252338","","","","0"
"2014","Canada, place of residence","2021A000011124","Age at time of death, all ages","Both sexes","Number","223","units","0","v21216746","1.1.1","258821","","","","0"
"2015","Canada, place of residence","2021A000011124","Age at time of death, all ages","Both sexes","Number","223","units","0","v21216746","1.1.1","264333","","","","0"
"2016","Canada, place of residence","2021A000011124","Age at time of death, all ages","Both sexes","Number","223","units","0","v21216746","1.1.1","267213","","","","0"
"2017","Canada, place of residence","2021A000011124","Age at time of death, all ages","Both sexes","Number","223","units","0","v21216746","1.1.1","278612","","","","0"
"2018","Canada, place of residence","2021A000011124","Age at time of death, all ages","Both sexes","Number","223","units","0","v21216746","1.1.1","286022","","","","0"
"2019","Canada, place of residence","2021A000011124","Age at time of death, all ages","Both sexes","Number","223","units","0","v21216746","1.1.1","285615","","","","0"
"2020","Canada, place of residence","2021A000011124","Age at time of death, all ages","Both sexes","Number","223","units","0","v21216746","1.1.1","308815","","","","0"
"2021","Canada, place of residence","2021A000011124","Age at time of death, all ages","Both sexes","Number","223","units","0","v21216746","1.1.1","313211","","","","0"
"2022","Canada, place of residence","2021A000011124","Age at time of death, all ages","Both sexes","Number","223","units","0","v21216746","1.1.1","336998","","","","0"
"2023","Canada, place of residence","2021A000011124","Age at time of death, all ages","Both sexes","Number","223","units","0","v21216746","1.1.1","326215","","","","0"
"2000","Canada, place of residence","2021A000011124","Age at time of death, 0 to 4 years","Both sexes","Number","223","units","0","v21216749","1.2.1","2037","","","","0"
"2001","Canada, place of residence","2021A000011124","Age at time of death, 0 to 4 years","Both sexes","Number","223","units","0","v21216749","1.2.1","2079","","","","0"
"2002","Canada, place of residence","2021A000011124","Age at time of death, 0 to 4 years","Both sexes","Number","223","units","0","v21216749","1.2.1","2081","","","","0"
"2003","Canada, place of residence","2021A000011124","Age at time of death, 0 to 4 years","Both sexes","Number","223","units","0","v21216749","1.2.1","2077","","","","0"
"2004","Canada, place of residence","2021A000011124","Age at time of death, 0 to 4 years","Both sexes","Number","223","units","0","v21216749","1.2.1","2061","","","","0"
"2005","Canada, place of residence","2021A000011124","Age at time of death, 0 to 4 years","Both sexes","Number","223","units","0","v21216749","1.2.1","2145","","","","0"
"2006","Canada, place of residence","2021A000011124","Age at time of death, 0 to 4 years","Both sexes","Number","223","units","0","v21216749","1.2.1","2055","","","","0"
"2007","Canada, place of residence","2021A000011124","Age at time of death, 0 to 4 years","Both sexes","Number","223","units","0","v21216749","1.2.1","2152","","","","0"
"2008","Canada, place of residence","2021A000011124","Age at time of death, 0 to 4 years","Both sexes","Number","223","units","0","v21216749","1.2.1","2176","","","","0"
"2009","Canada, place of residence","2021A000011124","Age at time of death, 0 to 4 years","Both sexes","Number","223","units","0","v21216749","1.2.1","2122","","","","0"
"2010","Canada, place of residence","2021A000011124","Age at time of death, 0 to 4 years","Both sexes","Number","223","units","0","v21216749","1.2.1","2199","","","","0"
"2011","Canada, place of residence","2021A000011124","Age at time of death, 0 to 4 years","Both sexes","Number","223","units","0","v21216749","1.2.1","2115","","","","0"
"2012","Canada, place of residence","2021A000011124","Age at time of death, 0 to 4 years","Both sexes","Number","223","units","0","v21216749","1.2.1","2081","","","","0"
"2013","Canada, place of residence","2021A000011124","Age at time of death, 0 to 4 years","Both sexes","Number","223","units","0","v21216749","1.2.1","2201","","","","0"
"2014","Canada, place of residence","2021A000011124","Age at time of death, 0 to 4 years","Both sexes","Number","223","units","0","v21216749","1.2.1","2054","","","","0"
"2015","Canada, place of residence","2021A000011124","Age at time of death, 0 to 4 years","Both sexes","Number","223","units","0","v21216749","1.2.1","2026","","","","0"
"2016","Canada, place of residence","2021A000011124","Age at time of death, 0 to 4 years","Both sexes","Number","223","units","0","v21216749","1.2.1","2028","","","","0"
"2017","Canada, place of residence","2021A000011124","Age at time of death, 0 to 4 years","Both sexes","Number","223","units","0","v21216749","1.2.1","1985","","","","0"
"2018","Canada, place of residence","2021A000011124","Age at time of death, 0 to 4 years","Both sexes","Number","223","units","0","v21216749","1.2.1","2059","","","","0"
"2019","Canada, place of residence","2021A000011124","Age at time of death, 0 to 4 years","Both sexes","Number","223","units","0","v21216749","1.2.1","1918","","","","0"
"2020","Canada, place of residence","2021A000011124","Age at time of death, 0 to 4 years","Both sexes","Number","223","units","0","v21216749","1.2.1","1898","","","","0"
"2021","Canada, place of residence","2021A000011124","Age at time of death, 0 to 4 years","Both sexes","Number","223","units","0","v21216749","1.2.1","1862","","","","0"
"2022","Canada, place of residence","2021A000011124","Age at time of death, 0 to 4 years","Both sexes","Number","223","units","0","v21216749","1.2.1","1999","","","","0"
"2023","Canada, place of residence","2021A000011124","Age at time of death, 0 to 4 years","Both sexes","Number","223","units","0","v21216749","1.2.1","1954","","","","0"
"2000","Canada, place of residence","2021A000011124","Age at time of death, 5 to 9 years","Both sexes","Number","223","units","0","v21216758","1.5.1","254","","","","0"
"2001","Canada, place of residence","2021A000011124","Age at time of death, 5 to 9 years","Both sexes","Number","223","units","0","v21216758","1.5.1","245","","","","0"
"2002","Canada, place of residence","2021A000011124","Age at time of death, 5 to 9 years","Both sexes","Number","223","units","0","v21216758","1.5.1","231","","","","0"
"2003","Canada, place of residence","2021A000011124","Age at time of death, 5 to 9 years","Both sexes","Number","223","units","0","v21216758","1.5.1","204","","","","0"
"2004","Canada, place of residence","2021A000011124","Age at time of death, 5 to 9 years","Both sexes","Number","223","units","0","v21216758","1.5.1","195","","","","0"
"2005","Canada, place of residence","2021A000011124","Age at time of death, 5 to 9 years","Both sexes","Number","223","units","0","v21216758","1.5.1","198","","","","0"
"2006","Canada, place of residence","2021A000011124","Age at time of death, 5 to 9 years","Both sexes","Number","223","units","0","v21216758","1.5.1","198","","","","0"
"2007","Canada, place of residence","2021A000011124","Age at time of death, 5 to 9 years","Both sexes","Number","223","units","0","v21216758","1.5.1","210","","","","0"
"2008","Canada, place of residence","2021A000011124","Age at time of death, 5 to 9 years","Both sexes","Number","223","units","0","v21216758","1.5.1","201","","","","0"
"2009","Canada, place of residence","2021A000011124","Age at time of death, 5 to 9 years","Both sexes","Number","223","units","0","v21216758","1.5.1","183","","","","0"
"2010","Canada, place of residence","2021A000011124","Age at time of death, 5 to 9 years","Both sexes","Number","223","units","0","v21216758","1.5.1","148","","","","0"
"2011","Canada, place of residence","2021A000011124","Age at time of death, 5 to 9 years","Both sexes","Number","223","units","0","v21216758","1.5.1","167","","","","0"
"2012","Canada, place of residence","2021A000011124","Age at time of death, 5 to 9 years","Both sexes","Number","223","units","0","v21216758","1.5.1","145","","","","0"
"2013","Canada, place of residence","2021A000011124","Age at time of death, 5 to 9 years","Both sexes","Number","223","units","0","v21216758","1.5.1","164","","","","0"
"2014","Canada, place of residence","2021A000011124","Age at time of death, 5 to 9 years","Both sexes","Number","223","units","0","v21216758","1.5.1","149","","","","0"
"2015","Canada, place of residence","2021A000011124","Age at time of death, 5 to 9 years","Both sexes","Number","223","units","0","v21216758","1.5.1","167","","","","0"
"2016","Canada, place of residence","2021A000011124","Age at time of death, 5 to 9 years","Both sexes","Number","223","units","0","v21216758","1.5.1","163","","","","0"
"2017","Canada, place of residence","2021A000011124","Age at time of death, 5 to 9 years","Both sexes","Number","223","units","0","v21216758","1.5.1","167","","","","0"
"2018","Canada, place of residence","2021A000011124","Age at time of death, 5 to 9 years","Both sexes","Number","223","units","0","v21216758","1.5.1","167","","","","0"
"2019","Canada, place of residence","2021A000011124","Age at time of death, 5 to 9 years","Both sexes","Number","223","units","0","v21216758","1.5.1","163","","","","0"
"2020","Canada, place of residence","2021A000011124","Age at time of death, 5 to 9 years","Both sexes","Number","223","units","0","v21216758","1.5.1","159","","","","0"
"2021","Canada, place of residence","2021A000011124","Age at time of death, 5 to 9 years","Both sexes","Number","223","units","0","v21216758","1.5.1","152","","","","0"
"2022","Canada, place of residence","2021A000011124","Age at time of death, 5 to 9 years","Both sexes","Number","223","units","0","v21216758","1.5.1","219","","","","0"
"2023","Canada, place of residence","2021A000011124","Age at time of death, 5 to 9 years","Both sexes","Number","223","units","0","v21216758","1.5.1","196","","","","0"
"2000","Canada, place of residence","2021A000011124","Age at time of death, 10 to 14 years","Both sexes","Number","223","units","0","v21216761","1.6.1","329","","","","0"
"2001","Canada, place of residence","2021A000011124","Age at time of death, 10 to 14 years","Both sexes","Number","223","units","0","v21216761","1.6.1","286","","","","0"
"2002","Canada, place of residence","2021A000011124","Age at time of death, 10 to 14 years","Both sexes","Number","223","units","0","v21216761","1.6.1","332","","","","0"
"2003","Canada, place of residence","2021A000011124","Age at time of death, 10 to 14 years","Both sexes","Number","223","units","0","v21216761","1.6.1","295","","","","0"
"2004","Canada, place of residence","2021A000011124","Age at time of death, 10 to 14 years","Both sexes","Number","223","units","0","v21216761","1.6.1","259","","","","0"
"2005","Canada, place of residence","2021A000011124","Age at time of death, 10 to 14 years","Both sexes","Number","223","units","0","v21216761","1.6.1","311","","","","0"
"2006","Canada, place of residence","2021A000011124","Age at time of death, 10 to 14 years","Both sexes","Number","223","units","0","v21216761","1.6.1","275","","","","0"
"2007","Canada, place of residence","2021A000011124","Age at time of death, 10 to 14 years","Both sexes","Number","223","units","0","v21216761","1.6.1","273","","","","0"
"2008","Canada, place of residence","2021A000011124","Age at time of death, 10 to 14 years","Both sexes","Number","223","units","0","v21216761","1.6.1","246","","","","0"
"2009","Canada, place of residence","2021A000011124","Age at time of death, 10 to 14 years","Both sexes","Number","223","units","0","v21216761","1.6.1","230","","","","0"
"2010","Canada, place of residence","2021A000011124","Age at time of death, 10 to 14 years","Both sexes","Number","223","units","0","v21216761","1.6.1","210","","","","0"
"2011","Canada, place of residence","2021A000011124","Age at time of death, 10 to 14 years","Both sexes","Number","223","units","0","v21216761","1.6.1","233","","","","0"
"2012","Canada, place of residence","2021A000011124","Age at time of death, 10 to 14 years","Both sexes","Number","223","units","0","v21216761","1.6.1","203","","","","0"
"2013","Canada, place of residence","2021A000011124","Age at time of death, 10 to 14 years","Both sexes","Number","223","units","0","v21216761","1.6.1","223","","","","0"
"2014","Canada, place of residence","2021A000011124","Age at time of death, 10 to 14 years","Both sexes","Number","223","units","0","v21216761","1.6.1","210","","","","0"
"2015","Canada, place of residence","2021A000011124","Age at time of death, 10 to 14 years","Both sexes","Number","223","units","0","v21216761","1.6.1","219","","","","0"
"2016","Canada, place of residence","2021A000011124","Age at time of death, 10 to 14 years","Both sexes","Number","223","units","0","v21216761","1.6.1","242","","","","0"
"2017","Canada, place of residence","2021A000011124","Age at time of death, 10 to 14 years","Both sexes","Number","223","units","0","v21216761","1.6.1","203","","","","0"
"2018","Canada, place of residence","2021A000011124","Age at time of death, 10 to 14 years","Both sexes","Number","223","units","0","v21216761","1.6.1","219","","","","0"
"2019","Canada, place of residence","2021A000011124","Age at time of death, 10 to 14 years","Both sexes","Number","223","units","0","v21216761","1.6.1","204","","","","0"
"2020","Canada, place of residence","2021A000011124","Age at time of death, 10 to 14 years","Both sexes","Number","223","units","0","v21216761","1.6.1","224","","","","0"
"2021","Canada, place of residence","2021A000011124","Age at time of death, 10 to 14 years","Both sexes","Number","223","units","0","v21216761","1.6.1","228","","","","0"
"2022","Canada, place of residence","2021A000011124","Age at time of death, 10 to 14 years","Both sexes","Number","223","units","0","v21216761","1.6.1","273","","","","0"
"2023","Canada, place of residence","2021A000011124","Age at time of death, 10 to 14 years","Both sexes","Number","223","units","0","v21216761","1.6.1","266","","","","0"
"2000","Canada, place of residence","2021A000011124","Age at time of death, 15 to 19 years","Both sexes","Number","223","units","0","v21216764","1.7.1","1049","","","","0"
"2001","Canada, place of residence","2021A000011124","Age at time of death, 15 to 19 years","Both sexes","Number","223","units","0","v21216764","1.7.1","1033","","","","0"
"2002","Canada, place of residence","2021A000011124","Age at time of death, 15 to 19 years","Both sexes","Number","223","units","0","v21216764","1.7.1","978","","","","0"
"2003","Canada, place of residence","2021A000011124","Age at time of death, 15 to 19 years","Both sexes","Number","223","units","0","v21216764","1.7.1","985","","","","0"
"2004","Canada, place of residence","2021A000011124","Age at time of death, 15 to 19 years","Both sexes","Number","223","units","0","v21216764","1.7.1","934","","","","0"
"2005","Canada, place of residence","2021A000011124","Age at time of death, 15 to 19 years","Both sexes","Number","223","units","0","v21216764","1.7.1","986","","","","0"
"2006","Canada, place of residence","2021A000011124","Age at time of death, 15 to 19 years","Both sexes","Number","223","units","0","v21216764","1.7.1","985","","","","0"
"2007","Canada, place of residence","2021A000011124","Age at time of death, 15 to 19 years","Both sexes","Number","223","units","0","v21216764","1.7.1","956","","","","0"
"2008","Canada, place of residence","2021A000011124","Age at time of death, 15 to 19 years","Both sexes","Number","223","units","0","v21216764","1.7.1","894","","","","0"
"2009","Canada, place of residence","2021A000011124","Age at time of death, 15 to 19 years","Both sexes","Number","223","units","0","v21216764","1.7.1","888","","","","0"
"2010","Canada, place of residence","2021A000011124","Age at time of death, 15 to 19 years","Both sexes","Number","223","units","0","v21216764","1.7.1","867","","","","0"
"2011","Canada, place of residence","2021A000011124","Age at time of death, 15 to 19 years","Both sexes","Number","223","units","0","v21216764","1.7.1","816","","","","0"
"2012","Canada, place of residence","2021A000011124","Age at time of death, 15 to 19 years","Both sexes","Number","223","units","0","v21216764","1.7.1","818","","","","0"
"2013","Canada, place of residence","2021A000011124","Age at time of death, 15 to 19 years","Both sexes","Number","223","units","0","v21216764","1.7.1","707","","","","0"
"2014","Canada, place of residence","2021A000011124","Age at time of death, 15 to 19 years","Both sexes","Number","223","units","0","v21216764","1.7.1","722","","","","0"
"2015","Canada, place of residence","2021A000011124","Age at time of death, 15 to 19 years","Both sexes","Number","223","units","0","v21216764","1.7.1","700","","","","0"
"2016","Canada, place of residence","2021A000011124","Age at time of death, 15 to 19 years","Both sexes","Number","223","units","0","v21216764","1.7.1","687","","","","0"
"2017","Canada, place of residence","2021A000011124","Age at time of death, 15 to 19 years","Both sexes","Number","223","units","0","v21216764","1.7.1","756","","","","0"
"2018","Canada, place of residence","2021A000011124","Age at time of death, 15 to 19 years","Both sexes","Number","223","units","0","v21216764","1.7.1","749","","","","0"
"2019","Canada, place of residence","2021A000011124","Age at time of death, 15 to 19 years","Both sexes","Number","223","units","0","v21216764","1.7.1","743","","","","0"
"2020","Canada, place of residence","2021A000011124","Age at time of death, 15 to 19 years","Both sexes","Number","223","units","0","v21216764","1.7.1","738","","","","0"
"2021","Canada, place of residence","2021A000011124","Age at time of death, 15 to 19 years","Both sexes","Number","223","units","0","v21216764","1.7.1","788","","","","0"
"2022","Canada, place of residence","2021A000011124","Age at time of death, 15 to 19 years","Both sexes","Number","223","units","0","v21216764","1.7.1","827","","","","0"
"2023","Canada, place of residence","2021A000011124","Age at time of death, 15 to 19 years","Both sexes","Number","223","units","0","v21216764","1.7.1","807","","","","0"
"2000","Canada, place of residence","2021A000011124","Age at time of death, 20 to 24 years","Both sexes","Number","223","units","0","v21216782","1.13.1","1318","","","","0"
"2001","Canada, place of residence","2021A000011124","Age at time of death, 20 to 24 years","Both sexes","Number","223","units","0","v21216782","1.13.1","1267","","","","0"
"2002","Canada, place of residence","2021A000011124","Age at time of death, 20 to 24 years","Both sexes","Number","223","units","0","v21216782","1.13.1","1238","","","","0"
"2003","Canada, place of residence","2021A000011124","Age at time of death, 20 to 24 years","Both sexes","Number","223","units","0","v21216782","1.13.1","1314","","","","0"
"2004","Canada, place of residence","2021A000011124","Age at time of death, 20 to 24 years","Both sexes","Number","223","units","0","v21216782","1.13.1","1287","","","","0"
"2005","Canada, place of residence","2021A000011124","Age at time of death, 20 to 24 years","Both sexes","Number","223","units","0","v21216782","1.13.1","1342","","","","0"
"2006","Canada, place of residence","2021A000011124","Age at time of death, 20 to 24 years","Both sexes","Number","223","units","0","v21216782","1.13.1","1318","","","","0"
"2007","Canada, place of residence","2021A000011124","Age at time of death, 20 to 24 years","Both sexes","Number","223","units","0","v21216782","1.13.1","1291","","","","0"
"2008","Canada, place of residence","2021A000011124","Age at time of death, 20 to 24 years","Both sexes","Number","223","units","0","v21216782","1.13.1","1264","","","","0"
"2009","Canada, place of residence","2021A000011124","Age at time of death, 20 to 24 years","Both sexes","Number","223","units","0","v21216782","1.13.1","1208","","","","0"
"2010","Canada, place of residence","2021A000011124","Age at time of death, 20 to 24 years","Both sexes","Number","223","units","0","v21216782","1.13.1","1216","","","","0"
"2011","Canada, place of residence","2021A000011124","Age at time of death, 20 to 24 years","Both sexes","Number","223","units","0","v21216782","1.13.1","1272","","","","0"
"2012","Canada, place of residence","2021A000011124","Age at time of death, 20 to 24 years","Both sexes","Number","223","units","0","v21216782","1.13.1","1266","","","","0"
"2013","Canada, place of residence","2021A000011124","Age at time of death, 20 to 24 years","Both sexes","Number","223","units","0","v21216782","1.13.1","1211","","","","0"
"2014","Canada, place of residence","2021A000011124","Age at time of death, 20 to 24 years","Both sexes","Number","223","units","0","v21216782","1.13.1","1157","","","","0"
"2015","Canada, place of residence","2021A000011124","Age at time of death, 20 to 24 years","Both sexes","Number","223","units","0","v21216782","1.13.1","1273","","","","0"
"2016","Canada, place of residence","2021A000011124","Age at time of death, 20 to 24 years","Both sexes","Number","223","units","0","v21216782","1.13.1","1295","","","","0"
"2017","Canada, place of residence","2021A000011124","Age at time of death, 20 to 24 years","Both sexes","Number","223","units","0","v21216782","1.13.1","1417","","","","0"
"2018","Canada, place of residence","2021A000011124","Age at time of death, 20 to 24 years","Both sexes","Number","223","units","0","v21216782","1.13.1","1509","","","","0"
"2019","Canada, place of residence","2021A000011124","Age at time of death, 20 to 24 years","Both sexes","Number","223","units","0","v21216782","1.13.1","1346","","","","0"
"2020","Canada, place of residence","2021A000011124","Age at time of death, 20 to 24 years","Both sexes","Number","223","units","0","v21216782","1.13.1","1569","","","","0"
"2021","Canada, place of residence","2021A000011124","Age at time of death, 20 to 24 years","Both sexes","Number","223","units","0","v21216782","1.13.1","1619","","","","0"
"2022","Canada, place of residence","2021A000011124","Age at time of death, 20 to 24 years","Both sexes","Number","223","units","0","v21216782","1.13.1","1564","","","","0"
"2023","Canada, place of residence","2021A000011124","Age at time of death, 20 to 24 years","Both sexes","Number","223","units","0","v21216782","1.13.1","1514","","","","0"
"2000","Canada, place of residence","2021A000011124","Age at time of death, 25 to 29 years","Both sexes","Number","223","units","0","v21216800","1.19.1","1220","","","","0"
"2001","Canada, place of residence","2021A000011124","Age at time of death, 25 to 29 years","Both sexes","Number","223","units","0","v21216800","1.19.1","1238","","","","0"
"2002","Canada, place of residence","2021A000011124","Age at time of death, 25 to 29 years","Both sexes","Number","223","units","0","v21216800","1.19.1","1144","","","","0"
"2003","Canada, place of residence","2021A000011124","Age at time of death, 25 to 29 years","Both sexes","Number","223","units","0","v21216800","1.19.1","1196","","","","0"
"2004","Canada, place of residence","2021A000011124","Age at time of death, 25 to 29 years","Both sexes","Number","223","units","0","v21216800","1.19.1","1228","","","","0"
"2005","Canada, place of residence","2021A000011124","Age at time of death, 25 to 29 years","Both sexes","Number","223","units","0","v21216800","1.19.1","1265","","","","0"
"2006","Canada, place of residence","2021A000011124","Age at time of death, 25 to 29 years","Both sexes","Number","223","units","0","v21216800","1.19.1","1254","","","","0"
"2007","Canada, place of residence","2021A000011124","Age at time of death, 25 to 29 years","Both sexes","Number","223","units","0","v21216800","1.19.1","1265","","","","0"
"2008","Canada, place of residence","2021A000011124","Age at time of death, 25 to 29 years","Both sexes","Number","223","units","0","v21216800","1.19.1","1282","","","","0"
"2009","Canada, place of residence","2021A000011124","Age at time of death, 25 to 29 years","Both sexes","Number","223","units","0","v21216800","1.19.1","1310","","","","0"
"2010","Canada, place of residence","2021A000011124","Age at time of death, 25 to 29 years","Both sexes","Number","223","units","0","v21216800","1.19.1","1280","","","","0"
"2011","Canada, place of residence","2021A000011124","Age at time of death, 25 to 29 years","Both sexes","Number","223","units","0","v21216800","1.19.1","1276","","","","0"
"2012","Canada, place of residence","2021A000011124","Age at time of death, 25 to 29 years","Both sexes","Number","223","units","0","v21216800","1.19.1","1341","","","","0"
"2013","Canada, place of residence","2021A000011124","Age at time of death, 25 to 29 years","Both sexes","Number","223","units","0","v21216800","1.19.1","1286","","","","0"
"2014","Canada, place of residence","2021A000011124","Age at time of death, 25 to 29 years","Both sexes","Number","223","units","0","v21216800","1.19.1","1479","","","","0"
"2015","Canada, place of residence","2021A000011124","Age at time of death, 25 to 29 years","Both sexes","Number","223","units","0","v21216800","1.19.1","1502","","","","0"
"2016","Canada, place of residence","2021A000011124","Age at time of death, 25 to 29 years","Both sexes","Number","223","units","0","v21216800","1.19.1","1595","","","","0"
"2017","Canada, place of residence","2021A000011124","Age at time of death, 25 to 29 years","Both sexes","Number","223","units","0","v21216800","1.19.1","1850","","","","0"
"2018","Canada, place of residence","2021A000011124","Age at time of death, 25 to 29 years","Both sexes","Number","223","units","0","v21216800","1.19.1","1916","","","","0"
"2019","Canada, place of residence","2021A000011124","Age at time of death, 25 to 29 years","Both sexes","Number","223","units","0","v21216800","1.19.1","1759","","","","0"
"2020","Canada, place of residence","2021A000011124","Age at time of death, 25 to 29 years","Both sexes","Number","223","units","0","v21216800","1.19.1","2254","","","","0"
"2021","Canada, place of residence","2021A000011124","Age at time of death, 25 to 29 years","Both sexes","Number","223","units","0","v21216800","1.19.1","2368","","","","0"
"2022","Canada, place of residence","2021A000011124","Age at time of death, 25 to 29 years","Both sexes","Number","223","units","0","v21216800","1.19.1","2265","","","","0"
"2023","Canada, place of residence","2021A000011124","Age at time of death, 25 to 29 years","Both sexes","Number","223","units","0","v21216800","1.19.1","2385","","","","0"
"2000","Canada, place of residence","2021A000011124","Age at time of death, 30 to 34 years","Both sexes","Number","223","units","0","v21216818","1.25.1","1645","","","","0"
"2001","Canada, place of residence","2021A000011124","Age at time of death, 30 to 34 years","Both sexes","Number","223","units","0","v21216818","1.25.1","1616","","","","0"
"2002","Canada, place of residence","2021A000011124","Age at time of death, 30 to 34 years","Both sexes","Number","223","units","0","v21216818","1.25.1","1565","","","","0"
"2003","Canada, place of residence","2021A000011124","Age at time of death, 30 to 34 years","Both sexes","Number","223","units","0","v21216818","1.25.1","1497","","","","0"
"2004","Canada, place of residence","2021A000011124","Age at time of death, 30 to 34 years","Both sexes","Number","223","units","0","v21216818","1.25.1","1490","","","","0"
"2005","Canada, place of residence","2021A000011124","Age at time of death, 30 to 34 years","Both sexes","Number","223","units","0","v21216818","1.25.1","1541","","","","0"
"2006","Canada, place of residence","2021A000011124","Age at time of death, 30 to 34 years","Both sexes","Number","223","units","0","v21216818","1.25.1","1412","","","","0"
"2007","Canada, place of residence","2021A000011124","Age at time of death, 30 to 34 years","Both sexes","Number","223","units","0","v21216818","1.25.1","1384","","","","0"
"2008","Canada, place of residence","2021A000011124","Age at time of death, 30 to 34 years","Both sexes","Number","223","units","0","v21216818","1.25.1","1376","","","","0"
"2009","Canada, place of residence","2021A000011124","Age at time of death, 30 to 34 years","Both sexes","Number","223","units","0","v21216818","1.25.1","1470","","","","0"
"2010","Canada, place of residence","2021A000011124","Age at time of death, 30 to 34 years","Both sexes","Number","223","units","0","v21216818","1.25.1","1435","","","","0"
"2011","Canada, place of residence","2021A000011124","Age at time of death, 30 to 34 years","Both sexes","Number","223","units","0","v21216818","1.25.1","1468","","","","0"
"2012","Canada, place of residence","2021A000011124","Age at time of death, 30 to 34 years","Both sexes","Number","223","units","0","v21216818","1.25.1","1445","","","","0"
"2013","Canada, place of residence","2021A000011124","Age at time of death, 30 to 34 years","Both sexes","Number","223","units","0","v21216818","1.25.1","1520","","","","0"
"2014","Canada, place of residence","2021A000011124","Age at time of death, 30 to 34 years","Both sexes","Number","223","units","0","v21216818","1.25.1","1661","","","","0"
"2015","Canada, place of residence","2021A000011124","Age at time of death, 30 to 34 years","Both sexes","Number","223","units","0","v21216818","1.25.1","1708","","","","0"
"2016","Canada, place of residence","2021A000011124","Age at time of death, 30 to 34 years","Both sexes","Number","223","units","0","v21216818","1.25.1","1871","","","","0"
"2017","Canada, place of residence","2021A000011124","Age at time of death, 30 to 34 years","Both sexes","Number","223","units","0","v21216818","1.25.1","2139","","","","0"
"2018","Canada, place of residence","2021A000011124","Age at time of death, 30 to 34 years","Both sexes","Number","223","units","0","v21216818","1.25.1","2124","","","","0"
"2019","Canada, place of residence","2021A000011124","Age at time of death, 30 to 34 years","Both sexes","Number","223","units","0","v21216818","1.25.1","2067","","","","0"
"2020","Canada, place of residence","2021A000011124","Age at time of death, 30 to 34 years","Both sexes","Number","223","units","0","v21216818","1.25.1","2619","","","","0"
"2021","Canada, place of residence","2021A000011124","Age at time of death, 30 to 34 years","Both sexes","Number","223","units","0","v21216818","1.25.1","2892","","","","0"
"2022","Canada, place of residence","2021A000011124","Age at time of death, 30 to 34 years","Both sexes","Number","223","units","0","v21216818","1.25.1","2977","","","","0"
"2023","Canada, place of residence","2021A000011124","Age at time of death, 30 to 34 years","Both sexes","Number","223","units","0","v21216818","1.25.1","3132","","","","0"
"2000","Canada, place of residence","2021A000011124","Age at time of death, 35 to 39 years","Both sexes","Number","223","units","0","v21216836","1.31.1","2681","","","","0"
"2001","Canada, place of residence","2021A000011124","Age at time of death, 35 to 39 years","Both sexes","Number","223","units","0","v21216836","1.31.1","2649","","","","0"
"2002","Canada, place of residence","2021A000011124","Age at time of death, 35 to 39 years","Both sexes","Number","223","units","0","v21216836","1.31.1","2528","","","","0"
"2003","Canada, place of residence","2021A000011124","Age at time of death, 35 to 39 years","Both sexes","Number","223","units","0","v21216836","1.31.1","2404","","","","0"
"2004","Canada, place of residence","2021A000011124","Age at time of death, 35 to 39 years","Both sexes","Number","223","units","0","v21216836","1.31.1","2268","","","","0"
"2005","Canada, place of residence","2021A000011124","Age at time of death, 35 to 39 years","Both sexes","Number","223","units","0","v21216836","1.31.1","2177","","","","0"
"2006","Canada, place of residence","2021A000011124","Age at time of death, 35 to 39 years","Both sexes","Number","223","units","0","v21216836","1.31.1","2121","","","","0"
"2007","Canada, place of residence","2021A000011124","Age at time of death, 35 to 39 years","Both sexes","Number","223","units","0","v21216836","1.31.1","2068","","","","0"
"2008","Canada, place of residence","2021A000011124","Age at time of death, 35 to 39 years","Both sexes","Number","223","units","0","v21216836","1.31.1","2064","","","","0"
"2009","Canada, place of residence","2021A000011124","Age at time of death, 35 to 39 years","Both sexes","Number","223","units","0","v21216836","1.31.1","1955","","","","0"
"2010","Canada, place of residence","2021A000011124","Age at time of death, 35 to 39 years","Both sexes","Number","223","units","0","v21216836","1.31.1","1905","","","","0"
"2011","Canada, place of residence","2021A000011124","Age at time of death, 35 to 39 years","Both sexes","Number","223","units","0","v21216836","1.31.1","1807","","","","0"
"2012","Canada, place of residence","2021A000011124","Age at time of death, 35 to 39 years","Both sexes","Number","223","units","0","v21216836","1.31.1","1816","","","","0"
"2013","Canada, place of residence","2021A000011124","Age at time of death, 35 to 39 years","Both sexes","Number","223","units","0","v21216836","1.31.1","1833","","","","0"
"2014","Canada, place of residence","2021A000011124","Age at time of death, 35 to 39 years","Both sexes","Number","223","units","0","v21216836","1.31.1","1998","","","","0"
"2015","Canada, place of residence","2021A000011124","Age at time of death, 35 to 39 years","Both sexes","Number","223","units","0","v21216836","1.31.1","1936","","","","0"
"2016","Canada, place of residence","2021A000011124","Age at time of death, 35 to 39 years","Both sexes","Number","223","units","0","v21216836","1.31.1","2157","","","","0"
"2017","Canada, place of residence","2021A000011124","Age at time of death, 35 to 39 years","Both sexes","Number","223","units","0","v21216836","1.31.1","2431","","","","0"
"2018","Canada, place of residence","2021A000011124","Age at time of death, 35 to 39 years","Both sexes","Number","223","units","0","v21216836","1.31.1","2493","","","","0"
"2019","Canada, place of residence","2021A000011124","Age at time of death, 35 to 39 years","Both sexes","Number","223","units","0","v21216836","1.31.1","2488","","","","0"
"2020","Canada, place of residence","2021A000011124","Age at time of death, 35 to 39 years","Both sexes","Number","223","units","0","v21216836","1.31.1","3026","","","","0"
"2021","Canada, place of residence","2021A000011124","Age at time of death, 35 to 39 years","Both sexes","Number","223","units","0","v21216836","1.31.1","3651","","","","0"
"2022","Canada, place of residence","2021A000011124","Age at time of death, 35 to 39 years","Both sexes","Number","223","units","0","v21216836","1.31.1","3483","","","","0"
"2023","Canada, place of residence","2021A000011124","Age at time of death, 35 to 39 years","Both sexes","Number","223","units","0","v21216836","1.31.1","3736","","","","0"
"2000","Canada, place of residence","2021A000011124","Age at time of death, 40 to 44 years","Both sexes","Number","223","units","0","v21216854","1.37.1","3888","","","","0"
"2001","Canada, place of residence","2021A000011124","Age at time of death, 40 to 44 years","Both sexes","Number","223","units","0","v21216854","1.37.1","3829","","","","0"
"2002","Canada, place of residence","2021A000011124","Age at time of death, 40 to 44 years","Both sexes","Number","223","units","0","v21216854","1.37.1","3822","","","","0"
"2003","Canada, place of residence","2021A000011124","Age at time of death, 40 to 44 years","Both sexes","Number","223","units","0","v21216854","1.37.1","3911","","","","0"
"2004","Canada, place of residence","2021A000011124","Age at time of death, 40 to 44 years","Both sexes","Number","223","units","0","v21216854","1.37.1","3709","","","","0"
"2005","Canada, place of residence","2021A000011124","Age at time of death, 40 to 44 years","Both sexes","Number","223","units","0","v21216854","1.37.1","3874","","","","0"
"2006","Canada, place of residence","2021A000011124","Age at time of death, 40 to 44 years","Both sexes","Number","223","units","0","v21216854","1.37.1","3663","","","","0"
"2007","Canada, place of residence","2021A000011124","Age at time of death, 40 to 44 years","Both sexes","Number","223","units","0","v21216854","1.37.1","3518","","","","0"
"2008","Canada, place of residence","2021A000011124","Age at time of death, 40 to 44 years","Both sexes","Number","223","units","0","v21216854","1.37.1","3392","","","","0"
"2009","Canada, place of residence","2021A000011124","Age at time of death, 40 to 44 years","Both sexes","Number","223","units","0","v21216854","1.37.1","3229","","","","0"
"2010","Canada, place of residence","2021A000011124","Age at time of death, 40 to 44 years","Both sexes","Number","223","units","0","v21216854","1.37.1","3012","","","","0"
"2011","Canada, place of residence","2021A000011124","Age at time of death, 40 to 44 years","Both sexes","Number","223","units","0","v21216854","1.37.1","2940","","","","0"
"2012","Canada, place of residence","2021A000011124","Age at time of death, 40 to 44 years","Both sexes","Number","223","units","0","v21216854","1.37.1","2886","","","","0"
"2013","Canada, place of residence","2021A000011124","Age at time of death, 40 to 44 years","Both sexes","Number","223","units","0","v21216854","1.37.1","2770","","","","0"
"2014","Canada, place of residence","2021A000011124","Age at time of death, 40 to 44 years","Both sexes","Number","223","units","0","v21216854","1.37.1","2798","","","","0"
"2015","Canada, place of residence","2021A000011124","Age at time of death, 40 to 44 years","Both sexes","Number","223","units","0","v21216854","1.37.1","2829","","","","0"
"2016","Canada, place of residence","2021A000011124","Age at time of death, 40 to 44 years","Both sexes","Number","223","units","0","v21216854","1.37.1","2894","","","","0"
"2017","Canada, place of residence","2021A000011124","Age at time of death, 40 to 44 years","Both sexes","Number","223","units","0","v21216854","1.37.1","2898","","","","0"
"2018","Canada, place of residence","2021A000011124","Age at time of death, 40 to 44 years","Both sexes","Number","223","units","0","v21216854","1.37.1","3042","","","","0"
"2019","Canada, place of residence","2021A000011124","Age at time of death, 40 to 44 years","Both sexes","Number","223","units","0","v21216854","1.37.1","3002","","","","0"
"2020","Canada, place of residence","2021A000011124","Age at time of death, 40 to 44 years","Both sexes","Number","223","units","0","v21216854","1.37.1","3666","","","","0"
"2021","Canada, place of residence","2021A000011124","Age at time of death, 40 to 44 years","Both sexes","Number","223","units","0","v21216854","1.37.1","4083","","","","0"
"2022","Canada, place of residence","2021A000011124","Age at time of death, 40 to 44 years","Both sexes","Number","223","units","0","v21216854","1.37.1","4159","","","","0"
"2023","Canada, place of residence","2021A000011124","Age at time of death, 40 to 44 years","Both sexes","Number","223","units","0","v21216854","1.37.1","4228","","","","0"
"2000","Canada, place of residence","2021A000011124","Age at time of death, 45 to 49 years","Both sexes","Number","223","units","0","v21216872","1.43.1","5214","","","","0"
"2001","Canada, place of residence","2021A000011124","Age at time of death, 45 to 49 years","Both sexes","Number","223","units","0","v21216872","1.43.1","5488","","","","0"
"2002","Canada, place of residence","2021A000011124","Age at time of death, 45 to 49 years","Both sexes","Number","223","units","0","v21216872","1.43.1","5573","","","","0"
"2003","Canada, place of residence","2021A000011124","Age at time of death, 45 to 49 years","Both sexes","Number","223","units","0","v21216872","1.43.1","5731","","","","0"
"2004","Canada, place of residence","2021A000011124","Age at time of death, 45 to 49 years","Both sexes","Number","223","units","0","v21216872","1.43.1","5676","","","","0"
"2005","Canada, place of residence","2021A000011124","Age at time of death, 45 to 49 years","Both sexes","Number","223","units","0","v21216872","1.43.1","5828","","","","0"
"2006","Canada, place of residence","2021A000011124","Age at time of death, 45 to 49 years","Both sexes","Number","223","units","0","v21216872","1.43.1","5830","","","","0"
"2007","Canada, place of residence","2021A000011124","Age at time of death, 45 to 49 years","Both sexes","Number","223","units","0","v21216872","1.43.1","5857","","","","0"
"2008","Canada, place of residence","2021A000011124","Age at time of death, 45 to 49 years","Both sexes","Number","223","units","0","v21216872","1.43.1","5803","","","","0"
"2009","Canada, place of residence","2021A000011124","Age at time of death, 45 to 49 years","Both sexes","Number","223","units","0","v21216872","1.43.1","5846","","","","0"
"2010","Canada, place of residence","2021A000011124","Age at time of death, 45 to 49 years","Both sexes","Number","223","units","0","v21216872","1.43.1","5475","","","","0"
"2011","Canada, place of residence","2021A000011124","Age at time of death, 45 to 49 years","Both sexes","Number","223","units","0","v21216872","1.43.1","5272","","","","0"
"2012","Canada, place of residence","2021A000011124","Age at time of death, 45 to 49 years","Both sexes","Number","223","units","0","v21216872","1.43.1","5115","","","","0"
"2013","Canada, place of residence","2021A000011124","Age at time of death, 45 to 49 years","Both sexes","Number","223","units","0","v21216872","1.43.1","4932","","","","0"
"2014","Canada, place of residence","2021A000011124","Age at time of death, 45 to 49 years","Both sexes","Number","223","units","0","v21216872","1.43.1","4689","","","","0"
"2015","Canada, place of residence","2021A000011124","Age at time of death, 45 to 49 years","Both sexes","Number","223","units","0","v21216872","1.43.1","4394","","","","0"
"2016","Canada, place of residence","2021A000011124","Age at time of death, 45 to 49 years","Both sexes","Number","223","units","0","v21216872","1.43.1","4551","","","","0"
"2017","Canada, place of residence","2021A000011124","Age at time of death, 45 to 49 years","Both sexes","Number","223","units","0","v21216872","1.43.1","4611","","","","0"
"2018","Canada, place of residence","2021A000011124","Age at time of death, 45 to 49 years","Both sexes","Number","223","units","0","v21216872","1.43.1","4466","","","","0"
"2019","Canada, place of residence","2021A000011124","Age at time of death, 45 to 49 years","Both sexes","Number","223","units","0","v21216872","1.43.1","4341","","","","0"
"2020","Canada, place of residence","2021A000011124","Age at time of death, 45 to 49 years","Both sexes","Number","223","units","0","v21216872","1.43.1","4921","","","","0"
"2021","Canada, place of residence","2021A000011124","Age at time of death, 45 to 49 years","Both sexes","Number","223","units","0","v21216872","1.43.1","5147","","","","0"
"2022","Canada, place of residence","2021A000011124","Age at time of death, 45 to 49 years","Both sexes","Number","223","units","0","v21216872","1.43.1","5252","","","","0"
"2023","Canada, place of residence","2021A000011124","Age at time of death, 45 to 49 years","Both sexes","Number","223","units","0","v21216872","1.43.1","5141","","","","0"
"2000","Canada, place of residence","2021A000011124","Age at time of death, 50 to 54 years","Both sexes","Number","223","units","0","v21216890","1.49.1","7475","","","","0"
"2001","Canada, place of residence","2021A000011124","Age at time of death, 50 to 54 years","Both sexes","Number","223","units","0","v21216890","1.49.1","7620","","","","0"
"2002","Canada, place of residence","2021A000011124","Age at time of death, 50 to 54 years","Both sexes","Number","223","units","0","v21216890","1.49.1","7566","","","","0"
"2003","Canada, place of residence","2021A000011124","Age at time of death, 50 to 54 years","Both sexes","Number","223","units","0","v21216890","1.49.1","7865","","","","0"
"2004","Canada, place of residence","2021A000011124","Age at time of death, 50 to 54 years","Both sexes","Number","223","units","0","v21216890","1.49.1","7829","","","","0"
"2005","Canada, place of residence","2021A000011124","Age at time of death, 50 to 54 years","Both sexes","Number","223","units","0","v21216890","1.49.1","7937","","","","0"
"2006","Canada, place of residence","2021A000011124","Age at time of death, 50 to 54 years","Both sexes","Number","223","units","0","v21216890","1.49.1","8163","","","","0"
"2007","Canada, place of residence","2021A000011124","Age at time of death, 50 to 54 years","Both sexes","Number","223","units","0","v21216890","1.49.1","8389","","","","0"
"2008","Canada, place of residence","2021A000011124","Age at time of death, 50 to 54 years","Both sexes","Number","223","units","0","v21216890","1.49.1","8635","","","","0"
"2009","Canada, place of residence","2021A000011124","Age at time of death, 50 to 54 years","Both sexes","Number","223","units","0","v21216890","1.49.1","8640","","","","0"
"2010","Canada, place of residence","2021A000011124","Age at time of death, 50 to 54 years","Both sexes","Number","223","units","0","v21216890","1.49.1","8452","","","","0"
"2011","Canada, place of residence","2021A000011124","Age at time of death, 50 to 54 years","Both sexes","Number","223","units","0","v21216890","1.49.1","8383","","","","0"
"2012","Canada, place of residence","2021A000011124","Age at time of death, 50 to 54 years","Both sexes","Number","223","units","0","v21216890","1.49.1","8379","","","","0"
"2013","Canada, place of residence","2021A000011124","Age at time of death, 50 to 54 years","Both sexes","Number","223","units","0","v21216890","1.49.1","8319","","","","0"
"2014","Canada, place of residence","2021A000011124","Age at time of death, 50 to 54 years","Both sexes","Number","223","units","0","v21216890","1.49.1","8219","","","","0"
"2015","Canada, place of residence","2021A000011124","Age at time of death, 50 to 54 years","Both sexes","Number","223","units","0","v21216890","1.49.1","8213","","","","0"
"2016","Canada, place of residence","2021A000011124","Age at time of death, 50 to 54 years","Both sexes","Number","223","units","0","v21216890","1.49.1","8148","","","","0"
"2017","Canada, place of residence","2021A000011124","Age at time of death, 50 to 54 years","Both sexes","Number","223","units","0","v21216890","1.49.1","7934","","","","0"
"2018","Canada, place of residence","2021A000011124","Age at time of death, 50 to 54 years","Both sexes","Number","223","units","0","v21216890","1.49.1","7703","","","","0"
"2019","Canada, place of residence","2021A000011124","Age at time of death, 50 to 54 years","Both sexes","Number","223","units","0","v21216890","1.49.1","7173","","","","0"
"2020","Canada, place of residence","2021A000011124","Age at time of death, 50 to 54 years","Both sexes","Number","223","units","0","v21216890","1.49.1","7567","","","","0"
"2021","Canada, place of residence","2021A000011124","Age at time of death, 50 to 54 years","Both sexes","Number","223","units","0","v21216890","1.49.1","8008","","","","0"
"2022","Canada, place of residence","2021A000011124","Age at time of death, 50 to 54 years","Both sexes","Number","223","units","0","v21216890","1.49.1","7709","","","","0"
"2023","Canada, place of residence","2021A000011124","Age at time of death, 50 to 54 years","Both sexes","Number","223","units","0","v21216890","1.49.1","7582","","","","0"
"2000","Canada, place of residence","2021A000011124","Age at time of death, 55 to 59 years","Both sexes","Number","223","units","0","v21216908","1.55.1","9339","","","","0"
"2001","Canada, place of residence","2021A000011124","Age at time of death, 55 to 59 years","Both sexes","Number","223","units","0","v21216908","1.55.1","9396","","","","0"
"2002","Canada, place of residence","2021A000011124","Age at time of death, 55 to 59 years","Both sexes","Number","223","units","0","v21216908","1.55.1","10035","","","","0"
"2003","Canada, place of residence","2021A000011124","Age at time of death, 55 to 59 years","Both sexes","Number","223","units","0","v21216908","1.55.1","10189","","","","0"
"2004","Canada, place of residence","2021A000011124","Age at time of death, 55 to 59 years","Both sexes","Number","223","units","0","v21216908","1.55.1","10611","","","","0"
"2005","Canada, place of residence","2021A000011124","Age at time of death, 55 to 59 years","Both sexes","Number","223","units","0","v21216908","1.55.1","10878","","","","0"
"2006","Canada, place of residence","2021A000011124","Age at time of death, 55 to 59 years","Both sexes","Number","223","units","0","v21216908","1.55.1","10848","","","","0"
"2007","Canada, place of residence","2021A000011124","Age at time of death, 55 to 59 years","Both sexes","Number","223","units","0","v21216908","1.55.1","11194","","","","0"
"2008","Canada, place of residence","2021A000011124","Age at time of death, 55 to 59 years","Both sexes","Number","223","units","0","v21216908","1.55.1","11334","","","","0"
"2009","Canada, place of residence","2021A000011124","Age at time of death, 55 to 59 years","Both sexes","Number","223","units","0","v21216908","1.55.1","11176","","","","0"
"2010","Canada, place of residence","2021A000011124","Age at time of death, 55 to 59 years","Both sexes","Number","223","units","0","v21216908","1.55.1","11336","","","","0"
"2011","Canada, place of residence","2021A000011124","Age at time of death, 55 to 59 years","Both sexes","Number","223","units","0","v21216908","1.55.1","11497","","","","0"
"2012","Canada, place of residence","2021A000011124","Age at time of death, 55 to 59 years","Both sexes","Number","223","units","0","v21216908","1.55.1","11919","","","","0"
"2013","Canada, place of residence","2021A000011124","Age at time of death, 55 to 59 years","Both sexes","Number","223","units","0","v21216908","1.55.1","12065","","","","0"
"2014","Canada, place of residence","2021A000011124","Age at time of death, 55 to 59 years","Both sexes","Number","223","units","0","v21216908","1.55.1","12300","","","","0"
"2015","Canada, place of residence","2021A000011124","Age at time of death, 55 to 59 years","Both sexes","Number","223","units","0","v21216908","1.55.1","12377","","","","0"
"2016","Canada, place of residence","2021A000011124","Age at time of death, 55 to 59 years","Both sexes","Number","223","units","0","v21216908","1.55.1","12499","","","","0"
"2017","Canada, place of residence","2021A000011124","Age at time of death, 55 to 59 years","Both sexes","Number","223","units","0","v21216908","1.55.1","12619","","","","0"
"2018","Canada, place of residence","2021A000011124","Age at time of death, 55 to 59 years","Both sexes","Number","223","units","0","v21216908","1.55.1","12631","","","","0"
"2019","Canada, place of residence","2021A000011124","Age at time of death, 55 to 59 years","Both sexes","Number","223","units","0","v21216908","1.55.1","12445","","","","0"
"2020","Canada, place of residence","2021A000011124","Age at time of death, 55 to 59 years","Both sexes","Number","223","units","0","v21216908","1.55.1","13369","","","","0"
"2021","Canada, place of residence","2021A000011124","Age at time of death, 55 to 59 years","Both sexes","Number","223","units","0","v21216908","1.55.1","13490","","","","0"
"2022","Canada, place of residence","2021A000011124","Age at time of death, 55 to 59 years","Both sexes","Number","223","units","0","v21216908","1.55.1","12992","","","","0"
"2023","Canada, place of residence","2021A000011124","Age at time of death, 55 to 59 years","Both sexes","Number","223","units","0","v21216908","1.55.1","12275","","","","0"
"2000","Canada, place of residence","2021A000011124","Age at time of death, 60 to 64 years","Both sexes","Number","223","units","0","v21216926","1.61.1","12206","","","","0"
"2001","Canada, place of residence","2021A000011124","Age at time of death, 60 to 64 years","Both sexes","Number","223","units","0","v21216926","1.61.1","12100","","","","0"
"2002","Canada, place of residence","2021A000011124","Age at time of death, 60 to 64 years","Both sexes","Number","223","units","0","v21216926","1.61.1","12536","","","","0"
"2003","Canada, place of residence","2021A000011124","Age at time of death, 60 to 64 years","Both sexes","Number","223","units","0","v21216926","1.61.1","12911","","","","0"
"2004","Canada, place of residence","2021A000011124","Age at time of death, 60 to 64 years","Both sexes","Number","223","units","0","v21216926","1.61.1","13139","","","","0"
"2005","Canada, place of residence","2021A000011124","Age at time of death, 60 to 64 years","Both sexes","Number","223","units","0","v21216926","1.61.1","13269","","","","0"
"2006","Canada, place of residence","2021A000011124","Age at time of death, 60 to 64 years","Both sexes","Number","223","units","0","v21216926","1.61.1","13365","","","","0"
"2007","Canada, place of residence","2021A000011124","Age at time of death, 60 to 64 years","Both sexes","Number","223","units","0","v21216926","1.61.1","14072","","","","0"
"2008","Canada, place of residence","2021A000011124","Age at time of death, 60 to 64 years","Both sexes","Number","223","units","0","v21216926","1.61.1","14606","","","","0"
"2009","Canada, place of residence","2021A000011124","Age at time of death, 60 to 64 years","Both sexes","Number","223","units","0","v21216926","1.61.1","14781","","","","0"
"2010","Canada, place of residence","2021A000011124","Age at time of death, 60 to 64 years","Both sexes","Number","223","units","0","v21216926","1.61.1","15079","","","","0"
"2011","Canada, place of residence","2021A000011124","Age at time of death, 60 to 64 years","Both sexes","Number","223","units","0","v21216926","1.61.1","15318","","","","0"
"2012","Canada, place of residence","2021A000011124","Age at time of death, 60 to 64 years","Both sexes","Number","223","units","0","v21216926","1.61.1","15445","","","","0"
"2013","Canada, place of residence","2021A000011124","Age at time of death, 60 to 64 years","Both sexes","Number","223","units","0","v21216926","1.61.1","15680","","","","0"
"2014","Canada, place of residence","2021A000011124","Age at time of death, 60 to 64 years","Both sexes","Number","223","units","0","v21216926","1.61.1","16251","","","","0"
"2015","Canada, place of residence","2021A000011124","Age at time of death, 60 to 64 years","Both sexes","Number","223","units","0","v21216926","1.61.1","16728","","","","0"
"2016","Canada, place of residence","2021A000011124","Age at time of death, 60 to 64 years","Both sexes","Number","223","units","0","v21216926","1.61.1","16967","","","","0"
"2017","Canada, place of residence","2021A000011124","Age at time of death, 60 to 64 years","Both sexes","Number","223","units","0","v21216926","1.61.1","17427","","","","0"
"2018","Canada, place of residence","2021A000011124","Age at time of death, 60 to 64 years","Both sexes","Number","223","units","0","v21216926","1.61.1","17901","","","","0"
"2019","Canada, place of residence","2021A000011124","Age at time of death, 60 to 64 years","Both sexes","Number","223","units","0","v21216926","1.61.1","17592","","","","0"
"2020","Canada, place of residence","2021A000011124","Age at time of death, 60 to 64 years","Both sexes","Number","223","units","0","v21216926","1.61.1","19031","","","","0"
"2021","Canada, place of residence","2021A000011124","Age at time of death, 60 to 64 years","Both sexes","Number","223","units","0","v21216926","1.61.1","19662","","","","0"
"2022","Canada, place of residence","2021A000011124","Age at time of death, 60 to 64 years","Both sexes","Number","223","units","0","v21216926","1.61.1","20488","","","","0"
"2023","Canada, place of residence","2021A000011124","Age at time of death, 60 to 64 years","Both sexes","Number","223","units","0","v21216926","1.61.1","19527","","","","0"
"2000","Canada, place of residence","2021A000011124","Age at time of death, 65 to 69 years","Both sexes","Number","223","units","0","v21216944","1.67.1","17878","","","","0"
"2001","Canada, place of residence","2021A000011124","Age at time of death, 65 to 69 years","Both sexes","Number","223","units","0","v21216944","1.67.1","17452","","","","0"
"2002","Canada, place of residence","2021A000011124","Age at time of death, 65 to 69 years","Both sexes","Number","223","units","0","v21216944","1.67.1","17248","","","","0"
"2003","Canada, place of residence","2021A000011124","Age at time of death, 65 to 69 years","Both sexes","Number","223","units","0","v21216944","1.67.1","16622","","","","0"
"2004","Canada, place of residence","2021A000011124","Age at time of death, 65 to 69 years","Both sexes","Number","223","units","0","v21216944","1.67.1","16499","","","","0"
"2005","Canada, place of residence","2021A000011124","Age at time of death, 65 to 69 years","Both sexes","Number","223","units","0","v21216944","1.67.1","16400","","","","0"
"2006","Canada, place of residence","2021A000011124","Age at time of death, 65 to 69 years","Both sexes","Number","223","units","0","v21216944","1.67.1","16295","","","","0"
"2007","Canada, place of residence","2021A000011124","Age at time of death, 65 to 69 years","Both sexes","Number","223","units","0","v21216944","1.67.1","17041","","","","0"
"2008","Canada, place of residence","2021A000011124","Age at time of death, 65 to 69 years","Both sexes","Number","223","units","0","v21216944","1.67.1","17282","","","","0"
"2009","Canada, place of residence","2021A000011124","Age at time of death, 65 to 69 years","Both sexes","Number","223","units","0","v21216944","1.67.1","17561","","","","0"
"2010","Canada, place of residence","2021A000011124","Age at time of death, 65 to 69 years","Both sexes","Number","223","units","0","v21216944","1.67.1","17662","","","","0"
"2011","Canada, place of residence","2021A000011124","Age at time of death, 65 to 69 years","Both sexes","Number","223","units","0","v21216944","1.67.1","18221","","","","0"
"2012","Canada, place of residence","2021A000011124","Age at time of death, 65 to 69 years","Both sexes","Number","223","units","0","v21216944","1.67.1","19092","","","","0"
"2013","Canada, place of residence","2021A000011124","Age at time of death, 65 to 69 years","Both sexes","Number","223","units","0","v21216944","1.67.1","19908","","","","0"
"2014","Canada, place of residence","2021A000011124","Age at time of death, 65 to 69 years","Both sexes","Number","223","units","0","v21216944","1.67.1","20632","","","","0"
"2015","Canada, place of residence","2021A000011124","Age at time of death, 65 to 69 years","Both sexes","Number","223","units","0","v21216944","1.67.1","21496","","","","0"
"2016","Canada, place of residence","2021A000011124","Age at time of death, 65 to 69 years","Both sexes","Number","223","units","0","v21216944","1.67.1","22373","","","","0"
"2017","Canada, place of residence","2021A000011124","Age at time of death, 65 to 69 years","Both sexes","Number","223","units","0","v21216944","1.67.1","22143","","","","0"
"2018","Canada, place of residence","2021A000011124","Age at time of death, 65 to 69 years","Both sexes","Number","223","units","0","v21216944","1.67.1","22749","","","","0"
"2019","Canada, place of residence","2021A000011124","Age at time of death, 65 to 69 years","Both sexes","Number","223","units","0","v21216944","1.67.1","22777","","","","0"
"2020","Canada, place of residence","2021A000011124","Age at time of death, 65 to 69 years","Both sexes","Number","223","units","0","v21216944","1.67.1","24399","","","","0"
"2021","Canada, place of residence","2021A000011124","Age at time of death, 65 to 69 years","Both sexes","Number","223","units","0","v21216944","1.67.1","25667","","","","0"
"2022","Canada, place of residence","2021A000011124","Age at time of death, 65 to 69 years","Both sexes","Number","223","units","0","v21216944","1.67.1","27249","","","","0"
"2023","Canada, place of residence","2021A000011124","Age at time of death, 65 to 69 years","Both sexes","Number","223","units","0","v21216944","1.67.1","26580","","","","0"
"2000","Canada, place of residence","2021A000011124","Age at time of death, 70 to 74 years","Both sexes","Number","223","units","0","v21216962","1.73.1","25412","","","","0"
"2001","Canada, place of residence","2021A000011124","Age at time of death, 70 to 74 years","Both sexes","Number","223","units","0","v21216962","1.73.1","24938","","","","0"
"2002","Canada, place of residence","2021A000011124","Age at time of death, 70 to 74 years","Both sexes","Number","223","units","0","v21216962","1.73.1","24657","","","","0"
"2003","Canada, place of residence","2021A000011124","Age at time of death, 70 to 74 years","Both sexes","Number","223","units","0","v21216962","1.73.1","24617","","","","0"
"2004","Canada, place of residence","2021A000011124","Age at time of death, 70 to 74 years","Both sexes","Number","223","units","0","v21216962","1.73.1","23763","","","","0"
"2005","Canada, place of residence","2021A000011124","Age at time of death, 70 to 74 years","Both sexes","Number","223","units","0","v21216962","1.73.1","23429","","","","0"
"2006","Canada, place of residence","2021A000011124","Age at time of death, 70 to 74 years","Both sexes","Number","223","units","0","v21216962","1.73.1","22263","","","","0"
"2007","Canada, place of residence","2021A000011124","Age at time of death, 70 to 74 years","Both sexes","Number","223","units","0","v21216962","1.73.1","22468","","","","0"
"2008","Canada, place of residence","2021A000011124","Age at time of death, 70 to 74 years","Both sexes","Number","223","units","0","v21216962","1.73.1","22194","","","","0"
"2009","Canada, place of residence","2021A000011124","Age at time of death, 70 to 74 years","Both sexes","Number","223","units","0","v21216962","1.73.1","21491","","","","0"
"2010","Canada, place of residence","2021A000011124","Age at time of death, 70 to 74 years","Both sexes","Number","223","units","0","v21216962","1.73.1","21402","","","","0"
"2011","Canada, place of residence","2021A000011124","Age at time of death, 70 to 74 years","Both sexes","Number","223","units","0","v21216962","1.73.1","21956","","","","0"
"2012","Canada, place of residence","2021A000011124","Age at time of death, 70 to 74 years","Both sexes","Number","223","units","0","v21216962","1.73.1","22132","","","","0"
"2013","Canada, place of residence","2021A000011124","Age at time of death, 70 to 74 years","Both sexes","Number","223","units","0","v21216962","1.73.1","23167","","","","0"
"2014","Canada, place of residence","2021A000011124","Age at time of death, 70 to 74 years","Both sexes","Number","223","units","0","v21216962","1.73.1","24077","","","","0"
"2015","Canada, place of residence","2021A000011124","Age at time of death, 70 to 74 years","Both sexes","Number","223","units","0","v21216962","1.73.1","24689","","","","0"
"2016","Canada, place of residence","2021A000011124","Age at time of death, 70 to 74 years","Both sexes","Number","223","units","0","v21216962","1.73.1","25435","","","","0"
"2017","Canada, place of residence","2021A000011124","Age at time of death, 70 to 74 years","Both sexes","Number","223","units","0","v21216962","1.73.1","27595","","","","0"
"2018","Canada, place of residence","2021A000011124","Age at time of death, 70 to 74 years","Both sexes","Number","223","units","0","v21216962","1.73.1","28217","","","","0"
"2019","Canada, place of residence","2021A000011124","Age at time of death, 70 to 74 years","Both sexes","Number","223","units","0","v21216962","1.73.1","29316","","","","0"
"2020","Canada, place of residence","2021A000011124","Age at time of death, 70 to 74 years","Both sexes","Number","223","units","0","v21216962","1.73.1","31238","","","","0"
"2021","Canada, place of residence","2021A000011124","Age at time of death, 70 to 74 years","Both sexes","Number","223","units","0","v21216962","1.73.1","33075","","","","0"
"2022","Canada, place of residence","2021A000011124","Age at time of death, 70 to 74 years","Both sexes","Number","223","units","0","v21216962","1.73.1","34453","","","","0"
"2023","Canada, place of residence","2021A000011124","Age at time of death, 70 to 74 years","Both sexes","Number","223","units","0","v21216962","1.73.1","33090","","","","0"
"2000","Canada, place of residence","2021A000011124","Age at time of death, 75 to 79 years","Both sexes","Number","223","units","0","v21216980","1.79.1","32893","","","","0"
"2001","Canada, place of residence","2021A000011124","Age at time of death, 75 to 79 years","Both sexes","Number","223","units","0","v21216980","1.79.1","32381","","","","0"
"2002","Canada, place of residence","2021A000011124","Age at time of death, 75 to 79 years","Both sexes","Number","223","units","0","v21216980","1.79.1","32659","","","","0"
"2003","Canada, place of residence","2021A000011124","Age at time of death, 75 to 79 years","Both sexes","Number","223","units","0","v21216980","1.79.1","32463","","","","0"
"2004","Canada, place of residence","2021A000011124","Age at time of death, 75 to 79 years","Both sexes","Number","223","units","0","v21216980","1.79.1","31831","","","","0"
"2005","Canada, place of residence","2021A000011124","Age at time of death, 75 to 79 years","Both sexes","Number","223","units","0","v21216980","1.79.1","31682","","","","0"
"2006","Canada, place of residence","2021A000011124","Age at time of death, 75 to 79 years","Both sexes","Number","223","units","0","v21216980","1.79.1","30964","","","","0"
"2007","Canada, place of residence","2021A000011124","Age at time of death, 75 to 79 years","Both sexes","Number","223","units","0","v21216980","1.79.1","31105","","","","0"
"2008","Canada, place of residence","2021A000011124","Age at time of death, 75 to 79 years","Both sexes","Number","223","units","0","v21216980","1.79.1","30733","","","","0"
"2009","Canada, place of residence","2021A000011124","Age at time of death, 75 to 79 years","Both sexes","Number","223","units","0","v21216980","1.79.1","30181","","","","0"
"2010","Canada, place of residence","2021A000011124","Age at time of death, 75 to 79 years","Both sexes","Number","223","units","0","v21216980","1.79.1","29418","","","","0"
"2011","Canada, place of residence","2021A000011124","Age at time of death, 75 to 79 years","Both sexes","Number","223","units","0","v21216980","1.79.1","28983","","","","0"
"2012","Canada, place of residence","2021A000011124","Age at time of death, 75 to 79 years","Both sexes","Number","223","units","0","v21216980","1.79.1","28216","","","","0"
"2013","Canada, place of residence","2021A000011124","Age at time of death, 75 to 79 years","Both sexes","Number","223","units","0","v21216980","1.79.1","28504","","","","0"
"2014","Canada, place of residence","2021A000011124","Age at time of death, 75 to 79 years","Both sexes","Number","223","units","0","v21216980","1.79.1","28845","","","","0"
"2015","Canada, place of residence","2021A000011124","Age at time of death, 75 to 79 years","Both sexes","Number","223","units","0","v21216980","1.79.1","29259","","","","0"
"2016","Canada, place of residence","2021A000011124","Age at time of death, 75 to 79 years","Both sexes","Number","223","units","0","v21216980","1.79.1","29874","","","","0"
"2017","Canada, place of residence","2021A000011124","Age at time of death, 75 to 79 years","Both sexes","Number","223","units","0","v21216980","1.79.1","30800","","","","0"
"2018","Canada, place of residence","2021A000011124","Age at time of death, 75 to 79 years","Both sexes","Number","223","units","0","v21216980","1.79.1","32296","","","","0"
"2019","Canada, place of residence","2021A000011124","Age at time of death, 75 to 79 years","Both sexes","Number","223","units","0","v21216980","1.79.1","32618","","","","0"
"2020","Canada, place of residence","2021A000011124","Age at time of death, 75 to 79 years","Both sexes","Number","223","units","0","v21216980","1.79.1","35517","","","","0"
"2021","Canada, place of residence","2021A000011124","Age at time of death, 75 to 79 years","Both sexes","Number","223","units","0","v21216980","1.79.1","37354","","","","0"
"2022","Canada, place of residence","2021A000011124","Age at time of death, 75 to 79 years","Both sexes","Number","223","units","0","v21216980","1.79.1","41579","","","","0"
"2023","Canada, place of residence","2021A000011124","Age at time of death, 75 to 79 years","Both sexes","Number","223","units","0","v21216980","1.79.1","41360","","","","0"
"2000","Canada, place of residence","2021A000011124","Age at time of death, 80 to 84 years","Both sexes","Number","223","units","0","v21216998","1.85.1","33592","","","","0"
"2001","Canada, place of residence","2021A000011124","Age at time of death, 80 to 84 years","Both sexes","Number","223","units","0","v21216998","1.85.1","34630","","","","0"
"2002","Canada, place of residence","2021A000011124","Age at time of death, 80 to 84 years","Both sexes","Number","223","units","0","v21216998","1.85.1","35959","","","","0"
"2003","Canada, place of residence","2021A000011124","Age at time of death, 80 to 84 years","Both sexes","Number","223","units","0","v21216998","1.85.1","37008","","","","0"
"2004","Canada, place of residence","2021A000011124","Age at time of death, 80 to 84 years","Both sexes","Number","223","units","0","v21216998","1.85.1","37974","","","","0"
"2005","Canada, place of residence","2021A000011124","Age at time of death, 80 to 84 years","Both sexes","Number","223","units","0","v21216998","1.85.1","38443","","","","0"
"2006","Canada, place of residence","2021A000011124","Age at time of death, 80 to 84 years","Both sexes","Number","223","units","0","v21216998","1.85.1","37626","","","","0"
"2007","Canada, place of residence","2021A000011124","Age at time of death, 80 to 84 years","Both sexes","Number","223","units","0","v21216998","1.85.1","38209","","","","0"
"2008","Canada, place of residence","2021A000011124","Age at time of death, 80 to 84 years","Both sexes","Number","223","units","0","v21216998","1.85.1","38476","","","","0"
"2009","Canada, place of residence","2021A000011124","Age at time of death, 80 to 84 years","Both sexes","Number","223","units","0","v21216998","1.85.1","38315","","","","0"
"2010","Canada, place of residence","2021A000011124","Age at time of death, 80 to 84 years","Both sexes","Number","223","units","0","v21216998","1.85.1","37990","","","","0"
"2011","Canada, place of residence","2021A000011124","Age at time of death, 80 to 84 years","Both sexes","Number","223","units","0","v21216998","1.85.1","37968","","","","0"
"2012","Canada, place of residence","2021A000011124","Age at time of death, 80 to 84 years","Both sexes","Number","223","units","0","v21216998","1.85.1","38306","","","","0"
"2013","Canada, place of residence","2021A000011124","Age at time of death, 80 to 84 years","Both sexes","Number","223","units","0","v21216998","1.85.1","38246","","","","0"
"2014","Canada, place of residence","2021A000011124","Age at time of death, 80 to 84 years","Both sexes","Number","223","units","0","v21216998","1.85.1","38569","","","","0"
"2015","Canada, place of residence","2021A000011124","Age at time of death, 80 to 84 years","Both sexes","Number","223","units","0","v21216998","1.85.1","38860","","","","0"
"2016","Canada, place of residence","2021A000011124","Age at time of death, 80 to 84 years","Both sexes","Number","223","units","0","v21216998","1.85.1","37577","","","","0"
"2017","Canada, place of residence","2021A000011124","Age at time of death, 80 to 84 years","Both sexes","Number","223","units","0","v21216998","1.85.1","38298","","","","0"
"2018","Canada, place of residence","2021A000011124","Age at time of death, 80 to 84 years","Both sexes","Number","223","units","0","v21216998","1.85.1","38898","","","","0"
"2019","Canada, place of residence","2021A000011124","Age at time of death, 80 to 84 years","Both sexes","Number","223","units","0","v21216998","1.85.1","38836","","","","0"
"2020","Canada, place of residence","2021A000011124","Age at time of death, 80 to 84 years","Both sexes","Number","223","units","0","v21216998","1.85.1","41541","","","","0"
"2021","Canada, place of residence","2021A000011124","Age at time of death, 80 to 84 years","Both sexes","Number","223","units","0","v21216998","1.85.1","41670","","","","0"
"2022","Canada, place of residence","2021A000011124","Age at time of death, 80 to 84 years","Both sexes","Number","223","units","0","v21216998","1.85.1","45950","","","","0"
"2023","Canada, place of residence","2021A000011124","Age at time of death, 80 to 84 years","Both sexes","Number","223","units","0","v21216998","1.85.1","45094","","","","0"
"2000","Canada, place of residence","2021A000011124","Age at time of death, 85 to 89 years","Both sexes","Number","223","units","0","v21217016","1.91.1","31616","","","","0"
"2001","Canada, place of residence","2021A000011124","Age at time of death, 85 to 89 years","Both sexes","Number","223","units","0","v21217016","1.91.1","32192","","","","0"
"2002","Canada, place of residence","2021A000011124","Age at time of death, 85 to 89 years","Both sexes","Number","223","units","0","v21217016","1.91.1","33031","","","","0"
"2003","Canada, place of residence","2021A000011124","Age at time of death, 85 to 89 years","Both sexes","Number","223","units","0","v21217016","1.91.1","33370","","","","0"
"2004","Canada, place of residence","2021A000011124","Age at time of death, 85 to 89 years","Both sexes","Number","223","units","0","v21217016","1.91.1","32997","","","","0"
"2005","Canada, place of residence","2021A000011124","Age at time of death, 85 to 89 years","Both sexes","Number","223","units","0","v21217016","1.91.1","34288","","","","0"
"2006","Canada, place of residence","2021A000011124","Age at time of death, 85 to 89 years","Both sexes","Number","223","units","0","v21217016","1.91.1","34530","","","","0"
"2007","Canada, place of residence","2021A000011124","Age at time of death, 85 to 89 years","Both sexes","Number","223","units","0","v21217016","1.91.1","37176","","","","0"
"2008","Canada, place of residence","2021A000011124","Age at time of death, 85 to 89 years","Both sexes","Number","223","units","0","v21217016","1.91.1","38943","","","","0"
"2009","Canada, place of residence","2021A000011124","Age at time of death, 85 to 89 years","Both sexes","Number","223","units","0","v21217016","1.91.1","39633","","","","0"
"2010","Canada, place of residence","2021A000011124","Age at time of death, 85 to 89 years","Both sexes","Number","223","units","0","v21217016","1.91.1","40230","","","","0"
"2011","Canada, place of residence","2021A000011124","Age at time of death, 85 to 89 years","Both sexes","Number","223","units","0","v21217016","1.91.1","41070","","","","0"
"2012","Canada, place of residence","2021A000011124","Age at time of death, 85 to 89 years","Both sexes","Number","223","units","0","v21217016","1.91.1","41118","","","","0"
"2013","Canada, place of residence","2021A000011124","Age at time of death, 85 to 89 years","Both sexes","Number","223","units","0","v21217016","1.91.1","41681","","","","0"
"2014","Canada, place of residence","2021A000011124","Age at time of death, 85 to 89 years","Both sexes","Number","223","units","0","v21217016","1.91.1","42789","","","","0"
"2015","Canada, place of residence","2021A000011124","Age at time of death, 85 to 89 years","Both sexes","Number","223","units","0","v21217016","1.91.1","43505","","","","0"
"2016","Canada, place of residence","2021A000011124","Age at time of death, 85 to 89 years","Both sexes","Number","223","units","0","v21217016","1.91.1","43201","","","","0"
"2017","Canada, place of residence","2021A000011124","Age at time of death, 85 to 89 years","Both sexes","Number","223","units","0","v21217016","1.91.1","45126","","","","0"
"2018","Canada, place of residence","2021A000011124","Age at time of death, 85 to 89 years","Both sexes","Number","223","units","0","v21217016","1.91.1","46310","","","","0"
"2019","Canada, place of residence","2021A000011124","Age at time of death, 85 to 89 years","Both sexes","Number","223","units","0","v21217016","1.91.1","45561","","","","0"
"2020","Canada, place of residence","2021A000011124","Age at time of death, 85 to 89 years","Both sexes","Number","223","units","0","v21217016","1.91.1","48372","","","","0"
"2021","Canada, place of residence","2021A000011124","Age at time of death, 85 to 89 years","Both sexes","Number","223","units","0","v21217016","1.91.1","46847","","","","0"
"2022","Canada, place of residence","2021A000011124","Age at time of death, 85 to 89 years","Both sexes","Number","223","units","0","v21217016","1.91.1","50813","","","","0"
"2023","Canada, place of residence","2021A000011124","Age at time of death, 85 to 89 years","Both sexes","Number","223","units","0","v21217016","1.91.1","48161","","","","0"
"2000","Canada, place of residence","2021A000011124","Age at time of death, 90 to 94 years","Both sexes","Number","223","units","0","v21217034","1.97.1","19287","","","","0"
"2001","Canada, place of residence","2021A000011124","Age at time of death, 90 to 94 years","Both sexes","Number","223","units","0","v21217034","1.97.1","20074","","","","0"
"2002","Canada, place of residence","2021A000011124","Age at time of death, 90 to 94 years","Both sexes","Number","223","units","0","v21217034","1.97.1","20970","","","","0"
"2003","Canada, place of residence","2021A000011124","Age at time of death, 90 to 94 years","Both sexes","Number","223","units","0","v21217034","1.97.1","21744","","","","0"
"2004","Canada, place of residence","2021A000011124","Age at time of death, 90 to 94 years","Both sexes","Number","223","units","0","v21217034","1.97.1","22586","","","","0"
"2005","Canada, place of residence","2021A000011124","Age at time of death, 90 to 94 years","Both sexes","Number","223","units","0","v21217034","1.97.1","23512","","","","0"
"2006","Canada, place of residence","2021A000011124","Age at time of death, 90 to 94 years","Both sexes","Number","223","units","0","v21217034","1.97.1","24025","","","","0"
"2007","Canada, place of residence","2021A000011124","Age at time of death, 90 to 94 years","Both sexes","Number","223","units","0","v21217034","1.97.1","25102","","","","0"
"2008","Canada, place of residence","2021A000011124","Age at time of death, 90 to 94 years","Both sexes","Number","223","units","0","v21217034","1.97.1","25509","","","","0"
"2009","Canada, place of residence","2021A000011124","Age at time of death, 90 to 94 years","Both sexes","Number","223","units","0","v21217034","1.97.1","25402","","","","0"
"2010","Canada, place of residence","2021A000011124","Age at time of death, 90 to 94 years","Both sexes","Number","223","units","0","v21217034","1.97.1","26922","","","","0"
"2011","Canada, place of residence","2021A000011124","Age at time of death, 90 to 94 years","Both sexes","Number","223","units","0","v21217034","1.97.1","28419","","","","0"
"2012","Canada, place of residence","2021A000011124","Age at time of death, 90 to 94 years","Both sexes","Number","223","units","0","v21217034","1.97.1","30089","","","","0"
"2013","Canada, place of residence","2021A000011124","Age at time of death, 90 to 94 years","Both sexes","Number","223","units","0","v21217034","1.97.1","32276","","","","0"
"2014","Canada, place of residence","2021A000011124","Age at time of death, 90 to 94 years","Both sexes","Number","223","units","0","v21217034","1.97.1","33902","","","","0"
"2015","Canada, place of residence","2021A000011124","Age at time of death, 90 to 94 years","Both sexes","Number","223","units","0","v21217034","1.97.1","35177","","","","0"
"2016","Canada, place of residence","2021A000011124","Age at time of death, 90 to 94 years","Both sexes","Number","223","units","0","v21217034","1.97.1","35179","","","","0"
"2017","Canada, place of residence","2021A000011124","Age at time of death, 90 to 94 years","Both sexes","Number","223","units","0","v21217034","1.97.1","37515","","","","0"
"2018","Canada, place of residence","2021A000011124","Age at time of death, 90 to 94 years","Both sexes","Number","223","units","0","v21217034","1.97.1","38628","","","","0"
"2019","Canada, place of residence","2021A000011124","Age at time of death, 90 to 94 years","Both sexes","Number","223","units","0","v21217034","1.97.1","38746","","","","0"
"2020","Canada, place of residence","2021A000011124","Age at time of death, 90 to 94 years","Both sexes","Number","223","units","0","v21217034","1.97.1","41924","","","","0"
"2021","Canada, place of residence","2021A000011124","Age at time of death, 90 to 94 years","Both sexes","Number","223","units","0","v21217034","1.97.1","40666","","","","0"
"2022","Canada, place of residence","2021A000011124","Age at time of death, 90 to 94 years","Both sexes","Number","223","units","0","v21217034","1.97.1","45269","","","","0"
"2023","Canada, place of residence","2021A000011124","Age at time of death, 90 to 94 years","Both sexes","Number","223","units","0","v21217034","1.97.1","43074","","","","0"
"2000","Canada, place of residence","2021A000011124","Age at time of death, 95 to 99 years","Both sexes","Number","223","units","0","v21217052","1.103.1","7206","","","","0"
"2001","Canada, place of residence","2021A000011124","Age at time of death, 95 to 99 years","Both sexes","Number","223","units","0","v21217052","1.103.1","7444","","","","0"
"2002","Canada, place of residence","2021A000011124","Age at time of death, 95 to 99 years","Both sexes","Number","223","units","0","v21217052","1.103.1","7826","","","","0"
"2003","Canada, place of residence","2021A000011124","Age at time of death, 95 to 99 years","Both sexes","Number","223","units","0","v21217052","1.103.1","8165","","","","0"
"2004","Canada, place of residence","2021A000011124","Age at time of death, 95 to 99 years","Both sexes","Number","223","units","0","v21217052","1.103.1","8522","","","","0"
"2005","Canada, place of residence","2021A000011124","Age at time of death, 95 to 99 years","Both sexes","Number","223","units","0","v21217052","1.103.1","8818","","","","0"
"2006","Canada, place of residence","2021A000011124","Age at time of death, 95 to 99 years","Both sexes","Number","223","units","0","v21217052","1.103.1","9060","","","","0"
"2007","Canada, place of residence","2021A000011124","Age at time of death, 95 to 99 years","Both sexes","Number","223","units","0","v21217052","1.103.1","9518","","","","0"
"2008","Canada, place of residence","2021A000011124","Age at time of death, 95 to 99 years","Both sexes","Number","223","units","0","v21217052","1.103.1","10191","","","","0"
"2009","Canada, place of residence","2021A000011124","Age at time of death, 95 to 99 years","Both sexes","Number","223","units","0","v21217052","1.103.1","10668","","","","0"
"2010","Canada, place of residence","2021A000011124","Age at time of death, 95 to 99 years","Both sexes","Number","223","units","0","v21217052","1.103.1","11485","","","","0"
"2011","Canada, place of residence","2021A000011124","Age at time of death, 95 to 99 years","Both sexes","Number","223","units","0","v21217052","1.103.1","11852","","","","0"
"2012","Canada, place of residence","2021A000011124","Age at time of death, 95 to 99 years","Both sexes","Number","223","units","0","v21217052","1.103.1","12187","","","","0"
"2013","Canada, place of residence","2021A000011124","Age at time of death, 95 to 99 years","Both sexes","Number","223","units","0","v21217052","1.103.1","12795","","","","0"
"2014","Canada, place of residence","2021A000011124","Age at time of death, 95 to 99 years","Both sexes","Number","223","units","0","v21217052","1.103.1","13198","","","","0"
"2015","Canada, place of residence","2021A000011124","Age at time of death, 95 to 99 years","Both sexes","Number","223","units","0","v21217052","1.103.1","14026","","","","0"
"2016","Canada, place of residence","2021A000011124","Age at time of death, 95 to 99 years","Both sexes","Number","223","units","0","v21217052","1.103.1","15107","","","","0"
"2017","Canada, place of residence","2021A000011124","Age at time of death, 95 to 99 years","Both sexes","Number","223","units","0","v21217052","1.103.1","17025","","","","0"
"2018","Canada, place of residence","2021A000011124","Age at time of death, 95 to 99 years","Both sexes","Number","223","units","0","v21217052","1.103.1","18103","","","","0"
"2019","Canada, place of residence","2021A000011124","Age at time of death, 95 to 99 years","Both sexes","Number","223","units","0","v21217052","1.103.1","18606","","","","0"
"2020","Canada, place of residence","2021A000011124","Age at time of death, 95 to 99 years","Both sexes","Number","223","units","0","v21217052","1.103.1","20274","","","","0"
"2021","Canada, place of residence","2021A000011124","Age at time of death, 95 to 99 years","Both sexes","Number","223","units","0","v21217052","1.103.1","19587","","","","0"
"2022","Canada, place of residence","2021A000011124","Age at time of death, 95 to 99 years","Both sexes","Number","223","units","0","v21217052","1.103.1","22145","","","","0"
"2023","Canada, place of residence","2021A000011124","Age at time of death, 95 to 99 years","Both sexes","Number","223","units","0","v21217052","1.103.1","20930","","","","0"
"2000","Canada, place of residence","2021A000011124","Age at time of death, 100 years and over","Both sexes","Number","223","units","0","v21217070","1.109.1","1516","","","","0"
"2001","Canada, place of residence","2021A000011124","Age at time of death, 100 years and over","Both sexes","Number","223","units","0","v21217070","1.109.1","1578","","","","0"
"2002","Canada, place of residence","2021A000011124","Age at time of death, 100 years and over","Both sexes","Number","223","units","0","v21217070","1.109.1","1621","","","","0"
"2003","Canada, place of residence","2021A000011124","Age at time of death, 100 years and over","Both sexes","Number","223","units","0","v21217070","1.109.1","1597","","","","0"
"2004","Canada, place of residence","2021A000011124","Age at time of death, 100 years and over","Both sexes","Number","223","units","0","v21217070","1.109.1","1722","","","","0"
"2005","Canada, place of residence","2021A000011124","Age at time of death, 100 years and over","Both sexes","Number","223","units","0","v21217070","1.109.1","1806","","","","0"
"2006","Canada, place of residence","2021A000011124","Age at time of death, 100 years and over","Both sexes","Number","223","units","0","v21217070","1.109.1","1816","","","","0"
"2007","Canada, place of residence","2021A000011124","Age at time of death, 100 years and over","Both sexes","Number","223","units","0","v21217070","1.109.1","1964","","","","0"
"2008","Canada, place of residence","2021A000011124","Age at time of death, 100 years and over","Both sexes","Number","223","units","0","v21217070","1.109.1","2011","","","","0"
"2009","Canada, place of residence","2021A000011124","Age at time of death, 100 years and over","Both sexes","Number","223","units","0","v21217070","1.109.1","2127","","","","0"
"2010","Canada, place of residence","2021A000011124","Age at time of death, 100 years and over","Both sexes","Number","223","units","0","v21217070","1.109.1","2352","","","","0"
"2011","Canada, place of residence","2021A000011124","Age at time of death, 100 years and over","Both sexes","Number","223","units","0","v21217070","1.109.1","2478","","","","0"
"2012","Canada, place of residence","2021A000011124","Age at time of death, 100 years and over","Both sexes","Number","223","units","0","v21217070","1.109.1","2597","","","","0"
"2013","Canada, place of residence","2021A000011124","Age at time of death, 100 years and over","Both sexes","Number","223","units","0","v21217070","1.109.1","2850","","","","0"
"2014","Canada, place of residence","2021A000011124","Age at time of death, 100 years and over","Both sexes","Number","223","units","0","v21217070","1.109.1","3122","","","","0"
"2015","Canada, place of residence","2021A000011124","Age at time of death, 100 years and over","Both sexes","Number","223","units","0","v21217070","1.109.1","3249","","","","0"
"2016","Canada, place of residence","2021A000011124","Age at time of death, 100 years and over","Both sexes","Number","223","units","0","v21217070","1.109.1","3370","","","","0"
"2017","Canada, place of residence","2021A000011124","Age at time of death, 100 years and over","Both sexes","Number","223","units","0","v21217070","1.109.1","3673","","","","0"
"2018","Canada, place of residence","2021A000011124","Age at time of death, 100 years and over","Both sexes","Number","223","units","0","v21217070","1.109.1","3842","","","","0"
"2019","Canada, place of residence","2021A000011124","Age at time of death, 100 years and over","Both sexes","Number","223","units","0","v21217070","1.109.1","3914","","","","0"
"2020","Canada, place of residence","2021A000011124","Age at time of death, 100 years and over","Both sexes","Number","223","units","0","v21217070","1.109.1","4509","","","","0"
"2021","Canada, place of residence","2021A000011124","Age at time of death, 100 years and over","Both sexes","Number","223","units","0","v21217070","1.109.1","4395","","","","0"
"2022","Canada, place of residence","2021A000011124","Age at time of death, 100 years and over","Both sexes","Number","223","units","0","v21217070","1.109.1","5333","","","","0"
"2023","Canada, place of residence","2021A000011124","Age at time of death, 100 years and over","Both sexes","Number","223","units","0","v21217070","1.109.1","5183","","","","0"
"2000","Canada, place of residence","2021A000011124","Age at time of death, not stated","Both sexes","Number","223","units","0","v21217073","1.110.1","7","","","","0"
"2001","Canada, place of residence","2021A000011124","Age at time of death, not stated","Both sexes","Number","223","units","0","v21217073","1.110.1","3","","","","0"
"2002","Canada, place of residence","2021A000011124","Age at time of death, not stated","Both sexes","Number","223","units","0","v21217073","1.110.1","3","","","","0"
"2003","Canada, place of residence","2021A000011124","Age at time of death, not stated","Both sexes","Number","223","units","0","v21217073","1.110.1","4","","","","0"
"2004","Canada, place of residence","2021A000011124","Age at time of death, not stated","Both sexes","Number","223","units","0","v21217073","1.110.1","4","","","","0"
"2005","Canada, place of residence","2021A000011124","Age at time of death, not stated","Both sexes","Number","223","units","0","v21217073","1.110.1","3","","","","0"
"2006","Canada, place of residence","2021A000011124","Age at time of death, not stated","Both sexes","Number","223","units","0","v21217073","1.110.1","13","","","","0"
"2007","Canada, place of residence","2021A000011124","Age at time of death, not stated","Both sexes","Number","223","units","0","v21217073","1.110.1","5","","","","0"
"2008","Canada, place of residence","2021A000011124","Age at time of death, not stated","Both sexes","Number","223","units","0","v21217073","1.110.1","5","","","","0"
"2009","Canada, place of residence","2021A000011124","Age at time of death, not stated","Both sexes","Number","223","units","0","v21217073","1.110.1","2","","","","0"
"2010","Canada, place of residence","2021A000011124","Age at time of death, not stated","Both sexes","Number","223","units","0","v21217073","1.110.1","0","","","","0"
"2011","Canada, place of residence","2021A000011124","Age at time of death, not stated","Both sexes","Number","223","units","0","v21217073","1.110.1","0","","","","0"
"2012","Canada, place of residence","2021A000011124","Age at time of death, not stated","Both sexes","Number","223","units","0","v21217073","1.110.1","0","","","","0"
"2013","Canada, place of residence","2021A000011124","Age at time of death, not stated","Both sexes","Number","223","units","0","v21217073","1.110.1","0","","","","0"
"2014","Canada, place of residence","2021A000011124","Age at time of death, not stated","Both sexes","Number","223","units","0","v21217073","1.110.1","0","","","","0"
"2015","Canada, place of residence","2021A000011124","Age at time of death, not stated","Both sexes","Number","223","units","0","v21217073","1.110.1","0","","","","0"
"2016","Canada, place of residence","2021A000011124","Age at time of death, not stated","Both sexes","Number","223","units","0","v21217073","1.110.1","0","","","","0"
"2017","Canada, place of residence","2021A000011124","Age at time of death, not stated","Both sexes","Number","223","units","0","v21217073","1.110.1","0","","","","0"
"2018","Canada, place of residence","2021A000011124","Age at time of death, not stated","Both sexes","Number","223","units","0","v21217073","1.110.1","0","","","","0"
"2019","Canada, place of residence","2021A000011124","Age at time of death, not stated","Both sexes","Number","223","units","0","v21217073","1.110.1","0","","","","0"
"2020","Canada, place of residence","2021A000011124","Age at time of death, not stated","Both sexes","Number","223","units","0","v21217073","1.110.1","0","","","","0"
"2021","Canada, place of residence","2021A000011124","Age at time of death, not stated","Both sexes","Number","223","units","0","v21217073","1.110.1","0","","","","0"
"2022","Canada, place of residence","2021A000011124","Age at time of death, not stated","Both sexes","Number","223","units","0","v21217073","1.110.1","0","","","","0"
"2023","Canada, place of residence","2021A000011124","Age at time of death, not stated","Both sexes","Number","223","units","0","v21217073","1.110.1","0","","","","0"


